<?xml version="1.0" encoding="UTF-8"?>
<info xmlns:xsi="http://www.w3.org/2001/XMLSchema-instance" xsi:noNamespaceSchemaLocation="https://apps.nextcloud.com/schema/apps/info.xsd">
    <id>passwords_encryption_provider</id>
    <name>Passwords Encryption Provider</name>
    <summary>A custom user key provider for the server side encryption of the passwords app</summary>
    <description>A custom user key provider for the server side encryption of the passwords app</description>
    <version>1.0.0</version>
    <licence>agpl</licence>
    <author>You</author>
    <namespace>PasswordsEncryptionProvider</namespace>
    <category>security</category>
    <bugs>https://github.com</bugs>
    <repository>https://github.com</repository>
    <dependencies>
        <php min-version="8.1" max-version="8.2"/>
        <nextcloud min-version="25" max-version="26"/>
    </dependencies>
</info>
